{
  "AK": {
    "trips_per_user": 35.57852194,
    "average_pace": 10.9418323,
    "distance_per_trip": 4.136651462,
    "trip_rank": 49.0,
    "pace_rank": 37.0,
    "distance_rank": 2.0
  },
  "AL": {
    "trips_per_user": 41.66837843,
    "average_pace": 11.0293609,
    "distance_per_trip": 3.571613103,
    "trip_rank": 4.0,
    "pace_rank": 41.0,
    "distance_rank": 48.0
  },
  "AR": {
    "trips_per_user": 41.03731131,
    "average_pace": 11.12188229,
    "distance_per_trip": 3.675345251,
    "trip_rank": 9.0,
    "pace_rank": 44.0,
    "distance_rank": 41.0
  },
  "AZ": {
    "trips_per_user": 42.01289295,
    "average_pace": 11.06876198,
    "distance_per_trip": 3.705833786,
    "trip_rank": 3.0,
    "pace_rank": 43.0,
    "distance_rank": 38.0
  },
  "CA": {
    "trips_per_user": 41.40471842,
    "average_pace": 10.98379718,
    "distance_per_trip": 3.958528128,
    "trip_rank": 7.0,
    "pace_rank": 39.0,
    "distance_rank": 17.0
  },
  "CO": {
    "trips_per_user": 39.38011106,
    "average_pace": 10.83628133,
    "distance_per_trip": 3.971019411,
    "trip_rank": 27.0,
    "pace_rank": 32.0,
    "distance_rank": 16.0
  },
  "CT": {
    "trips_per_user": 38.84821821,
    "average_pace": 10.39091852,
    "distance_per_trip": 3.978340368,
    "trip_rank": 31.0,
    "pace_rank": 12.0,
    "distance_rank": 15.0
  },
  "DE": {
    "trips_per_user": 38.26075085,
    "average_pace": 10.57441645,
    "distance_per_trip": 3.670648099,
    "trip_rank": 35.0,
    "pace_rank": 21.0,
    "distance_rank": 42.0
  },
  "FL": {
    "trips_per_user": 41.42826284,
    "average_pace": 11.22259321,
    "distance_per_trip": 3.588578141,
    "trip_rank": 6.0,
    "pace_rank": 49.0,
    "distance_rank": 47.0
  },
  "GA": {
    "trips_per_user": 40.85929956,
    "average_pace": 11.12564417,
    "distance_per_trip": 3.780802213,
    "trip_rank": 11.0,
    "pace_rank": 45.0,
    "distance_rank": 33.0
  },
  "HI": {
    "trips_per_user": 39.62685338,
    "average_pace": 11.23235891,
    "distance_per_trip": 3.879544449,
    "trip_rank": 20.0,
    "pace_rank": 50.0,
    "distance_rank": 25.0
  },
  "IA": {
    "trips_per_user": 37.03481505,
    "average_pace": 10.42550365,
    "distance_per_trip": 3.788642529,
    "trip_rank": 43.0,
    "pace_rank": 14.0,
    "distance_rank": 30.0
  },
  "ID": {
    "trips_per_user": 37.31596829,
    "average_pace": 10.91036521,
    "distance_per_trip": 4.047100709,
    "trip_rank": 40.0,
    "pace_rank": 35.0,
    "distance_rank": 7.0
  },
  "IL": {
    "trips_per_user": 36.98420212,
    "average_pace": 10.47512173,
    "distance_per_trip": 3.905397546,
    "trip_rank": 44.0,
    "pace_rank": 16.0,
    "distance_rank": 22.0
  },
  "IN": {
    "trips_per_user": 37.79961415,
    "average_pace": 10.4894199,
    "distance_per_trip": 3.782060142,
    "trip_rank": 39.0,
    "pace_rank": 17.0,
    "distance_rank": 32.0
  },
  "KS": {
    "trips_per_user": 39.40855346,
    "average_pace": 10.7797997,
    "distance_per_trip": 3.691308873,
    "trip_rank": 25.0,
    "pace_rank": 29.0,
    "distance_rank": 39.0
  },
  "KY": {
    "trips_per_user": 39.52096999,
    "average_pace": 10.76544804,
    "distance_per_trip": 3.655252459,
    "trip_rank": 23.0,
    "pace_rank": 27.0,
    "distance_rank": 44.0
  },
  "LA": {
    "trips_per_user": 40.80599536,
    "average_pace": 10.96044074,
    "distance_per_trip": 3.500022697,
    "trip_rank": 12.0,
    "pace_rank": 38.0,
    "distance_rank": 49.0
  },
  "MA": {
    "trips_per_user": 40.30793977,
    "average_pace": 10.09635702,
    "distance_per_trip": 4.073139617,
    "trip_rank": 14.0,
    "pace_rank": 1.0,
    "distance_rank": 4.0
  },
  "MD": {
    "trips_per_user": 38.88063982,
    "average_pace": 10.67866276,
    "distance_per_trip": 3.918430558,
    "trip_rank": 30.0,
    "pace_rank": 24.0,
    "distance_rank": 20.0
  },
  "ME": {
    "trips_per_user": 39.62942779,
    "average_pace": 10.14761009,
    "distance_per_trip": 4.030856877,
    "trip_rank": 19.0,
    "pace_rank": 2.0,
    "distance_rank": 10.0
  },
  "MI": {
    "trips_per_user": 37.08097439,
    "average_pace": 10.527288,
    "distance_per_trip": 3.905003058,
    "trip_rank": 42.0,
    "pace_rank": 19.0,
    "distance_rank": 23.0
  },
  "MN": {
    "trips_per_user": 36.5995508,
    "average_pace": 10.34781795,
    "distance_per_trip": 4.045427545,
    "trip_rank": 45.0,
    "pace_rank": 8.0,
    "distance_rank": 8.0
  },
  "MO": {
    "trips_per_user": 39.54363024,
    "average_pace": 10.68681246,
    "distance_per_trip": 3.757072085,
    "trip_rank": 22.0,
    "pace_rank": 25.0,
    "distance_rank": 35.0
  },
  "MS": {
    "trips_per_user": 39.64932432,
    "average_pace": 11.14101616,
    "distance_per_trip": 3.47931694,
    "trip_rank": 18.0,
    "pace_rank": 47.0,
    "distance_rank": 50.0
  },
  "MT": {
    "trips_per_user": 37.84420772,
    "average_pace": 10.90561815,
    "distance_per_trip": 4.100299306,
    "trip_rank": 37.0,
    "pace_rank": 33.0,
    "distance_rank": 3.0
  },
  "NC": {
    "trips_per_user": 42.21245059,
    "average_pace": 10.71921254,
    "distance_per_trip": 3.784139646,
    "trip_rank": 2.0,
    "pace_rank": 26.0,
    "distance_rank": 31.0
  },
  "ND": {
    "trips_per_user": 32.74085851,
    "average_pace": 10.26550407,
    "distance_per_trip": 3.83649393,
    "trip_rank": 50.0,
    "pace_rank": 5.0,
    "distance_rank": 28.0
  },
  "NE": {
    "trips_per_user": 37.20815265,
    "average_pace": 10.41022804,
    "distance_per_trip": 3.840794246,
    "trip_rank": 41.0,
    "pace_rank": 13.0,
    "distance_rank": 27.0
  },
  "NH": {
    "trips_per_user": 39.38952164,
    "average_pace": 10.3657237,
    "distance_per_trip": 3.917905544,
    "trip_rank": 26.0,
    "pace_rank": 10.0,
    "distance_rank": 21.0
  },
  "NJ": {
    "trips_per_user": 37.81320767,
    "average_pace": 10.34896724,
    "distance_per_trip": 3.997780238,
    "trip_rank": 38.0,
    "pace_rank": 9.0,
    "distance_rank": 13.0
  },
  "NM": {
    "trips_per_user": 41.05772152,
    "average_pace": 10.99588826,
    "distance_per_trip": 3.779895904,
    "trip_rank": 8.0,
    "pace_rank": 40.0,
    "distance_rank": 34.0
  },
  "NV": {
    "trips_per_user": 39.84452029,
    "average_pace": 11.13152258,
    "distance_per_trip": 3.790009631,
    "trip_rank": 17.0,
    "pace_rank": 46.0,
    "distance_rank": 29.0
  },
  "NY": {
    "trips_per_user": 38.57116663,
    "average_pace": 10.2901404,
    "distance_per_trip": 4.024353941,
    "trip_rank": 33.0,
    "pace_rank": 6.0,
    "distance_rank": 11.0
  },
  "OH": {
    "trips_per_user": 38.5356285,
    "average_pace": 10.5382529,
    "distance_per_trip": 3.865215919,
    "trip_rank": 34.0,
    "pace_rank": 20.0,
    "distance_rank": 26.0
  },
  "OK": {
    "trips_per_user": 39.32099684,
    "average_pace": 11.06189306,
    "distance_per_trip": 3.680088707,
    "trip_rank": 28.0,
    "pace_rank": 42.0,
    "distance_rank": 40.0
  },
  "OR": {
    "trips_per_user": 43.5023206,
    "average_pace": 10.51152801,
    "distance_per_trip": 4.008568772,
    "trip_rank": 1.0,
    "pace_rank": 18.0,
    "distance_rank": 12.0
  },
  "PA": {
    "trips_per_user": 39.47858056,
    "average_pace": 10.42827057,
    "distance_per_trip": 3.933836355,
    "trip_rank": 24.0,
    "pace_rank": 15.0,
    "distance_rank": 19.0
  },
  "RI": {
    "trips_per_user": 39.61654676,
    "average_pace": 10.19008043,
    "distance_per_trip": 3.951241795,
    "trip_rank": 21.0,
    "pace_rank": 3.0,
    "distance_rank": 18.0
  },
  "SC": {
    "trips_per_user": 41.44077284,
    "average_pace": 10.78161624,
    "distance_per_trip": 3.601444956,
    "trip_rank": 5.0,
    "pace_rank": 30.0,
    "distance_rank": 46.0
  },
  "SD": {
    "trips_per_user": 36.04470939,
    "average_pace": 10.37143938,
    "distance_per_trip": 3.752898399,
    "trip_rank": 48.0,
    "pace_rank": 11.0,
    "distance_rank": 36.0
  },
  "TN": {
    "trips_per_user": 40.22571953,
    "average_pace": 10.9086195,
    "distance_per_trip": 3.721110849,